SNP	chr	pos	min_p_outcome	n_pairs	region_id
rs72660908	1	25583610	0.003609	2	R001
rs1668871	1	205237137	0.002921	3	R002
rs17791786	3	39175004	0.01261	6	R003
rs13084580	3	39188182	0.01082	6	R003
rs73166131	3	168743961	0.01218	3	R003
rs2216546	4	102793500	0.02476	2	R004
rs6816787	4	102795845	0.02547	2	R004
rs4698839	4	102801941	0.02741	2	R004
rs114694170	5	88180196	0.00413702	10	R005
rs4728358	7	135250270	0.003435	2	R006
rs6959832	7	135289854	0.03713	2	R006
rs453301	8	9030387	0.007125	2	R007
rs2450771	8	144410798	0.02677454	6	R007
rs4919090	10	99088419	0.02136	2	R008
rs11593061	10	104398288	0.04135	6	R008
rs61691222	10	104420754	0.02128	3	R008
rs12806698	11	4115974	0.04229792	6	R009
rs4910886	11	4143721	0.02693	2	R009
rs5012419	12	19105915	0.004102	3	R010
rs148475745	12	120092940	0.01566	2	R010
rs11064881	12	120146925	0.0424	3	R010
rs1760940	14	20938251	0.04146	9	R011
rs1967556	17	27744033	0.0162	2	R012
rs680478	18	9609957	0.03791	3	R013
rs463312	20	57597970	0.02584	2	R014
